{
    "PRD": {
        "-6": 78.81758684678512,
        "0": 38.67576734369452,
        "6": 23.338811629468744,
        "12": 16.33798153183677,
        "18": 14.19835197058591,
        "24": 14.897749534520235
    },
    "RMSE": {
        "-6": 0.028785646228458393,
        "0": 0.013440706733275543,
        "6": 0.008172754657624121,
        "12": 0.005744435676288876,
        "18": 0.004911384493408894,
        "24": 0.005251956520475109
    },
    "SNRimp": {
        "-6": 20.52452371337197,
        "0": 21.189583201841874,
        "6": 19.255631743777883,
        "12": 15.870465824820778,
        "18": 11.30246242501519,
        "24": 4.904268340630964
    },
    "SNRo": {
        "-6": 2.751393793207932,
        "0": 9.607560513676567,
        "6": 13.605589856884697,
        "12": 16.41317908113653,
        "18": 17.800812723419885,
        "24": 17.320105573264037
    },
    "batch_size": 32,
    "macs": 57290752.0,
    "trainable_parmeter": 194689
}