{
    "PRD": {
        "-6": 50.193430233001706,
        "0": 14.084348616816781,
        "6": 9.124237953532825,
        "12": 7.3510872949253425,
        "18": 6.877306191487746,
        "24": 9.73368176763708
    },
    "RMSE": {
        "-6": 0.019366029666906055,
        "0": 0.005427096566100689,
        "6": 0.003183766583573412,
        "12": 0.002510696478103372,
        "18": 0.0023445412662113085,
        "24": 0.003371024897470224
    },
    "SNRimp": {
        "-6": 24.41578888568011,
        "0": 30.18416425965049,
        "6": 27.910926259647717,
        "12": 23.408146689154886,
        "18": 18.337286524339156,
        "24": 9.185353912006725
    },
    "SNRo": {
        "-6": 7.206313868679784,
        "0": 18.83821851787242,
        "6": 22.365689596262847,
        "12": 24.20133811777288,
        "18": 25.076303310827775,
        "24": 21.94327372854406
    },
    "batch_size": 32,
    "macs": 900817920.0,
    "trainable_parmeter": 2694529
}