{
    "PRD": {
        "-6": 88.13791307102551,
        "0": 56.67166565114802,
        "6": 44.41968301643025,
        "12": 34.50954953540455,
        "18": 29.31406427296725,
        "24": 26.1866398898038
    },
    "RMSE": {
        "-6": 0.03282098764638332,
        "0": 0.02146837361241606,
        "6": 0.01602115546437827,
        "12": 0.01236894474661147,
        "18": 0.01029712880157273,
        "24": 0.009382981591095978
    },
    "SNRimp": {
        "-6": 19.427986532991582,
        "0": 17.12813663482666,
        "6": 13.48251218416474,
        "12": 9.556274420564824,
        "18": 5.106384987180883,
        "24": 0.00267466740174727
    },
    "SNRo": {
        "-6": 1.486114087586545,
        "0": 5.555293897725642,
        "6": 7.992345482110977,
        "12": 10.165591083331542,
        "18": 11.493579083139247,
        "24": 12.292287995598533
    },
    "batch_size": 32,
    "macs": 14595840.0,
    "trainable_parmeter": 55505
}